feature,importance
embedding_4,0.3197867179799649
embedding_3,0.3097906882099475
embedding_1,0.307701196870398
embedding_0,0.0395470686688802
embedding_5,0.018695145196794515
embedding_2,0.00447918307401492
